"ano";"mês";"internacoes";"dias_chuva";"precipitacao_total";"temp_max_media_mensal";"temp_media_mensal";"temp_min_media_mensal";"umidade_media_mensal";"umidade_min_media_mensal";"temp_max_abs_mensal";"temp_min_abs_mensal"
2015;1;6213;18.745454545454546;10350.0;31.371123829344448;25.72791327913277;22.47165886635467;79.88918635170607;55.646569646569645;37.4;17.1
2015;2;5886;16.666666666666668;9097.400000000003;30.982606060606052;25.619309462915613;22.587122128174112;81.45405735204399;58.510109763142694;37.3;15.4
2015;3;9207;20.627450980392158;13244.199999999999;30.820872971460552;25.518697729988038;22.734826427771548;83.73269121813046;61.03038379530917;36.4;17.7
2015;4;10035;20.595744680851062;9944.799999999996;31.2910950661853;25.826038437693725;22.845122681029334;83.32715674362099;59.73106283029947;37.2;17.6
2015;5;10020;17.244897959183675;7306.799999999999;31.349578888265018;25.868320830929026;22.616750700280107;81.6538505419282;58.54801324503311;36.1;15.2
2015;6;8586;10.954545454545455;3064.0;32.11578641903654;25.87068031306441;21.504002320185613;75.72265258215972;50.21570859419465;36.9;11.0
2015;7;6769;9.222222222222221;2165.7999999999997;32.677600979192164;26.002210991787734;21.200060938452168;72.09438066465266;46.38505419281232;37.8;12.6
2015;8;6060;5.217391304347826;1210.1999999999998;34.3573856975381;27.125464349910132;21.539566236811257;66.37195550351288;38.87472766884532;40.0;11.0
2015;9;5771;3.843137254901961;1183.0000000000002;35.29765231973171;28.162137049941915;22.77709497206704;64.93544159544163;37.71725571725572;40.6;13.0
2015;10;5999;6.350877192982456;3009.4000000000005;35.11628272251309;28.326559139784937;23.4138219895288;66.99525052192072;40.67897037396794;41.6;18.0
2015;11;5807;9.8;5425.6;33.97839276210752;27.680543478260883;23.48809144072302;72.21349758971618;46.165009940357855;39.2;15.1
2015;12;5339;12.892857142857142;7377.4000000000015;33.16493178372916;27.279378818737264;23.429480060575475;73.91394750386006;48.935404339250496;40.2;18.8
2016;1;4842;18.1;12767.399999999998;31.921743642968355;26.766898024559513;23.727268014515275;79.10394877267885;56.48989113530327;39.5;17.6
2016;2;4784;18.228070175438596;11106.2;32.56047278724576;26.88918459796152;23.406373626373643;78.1247222222223;53.895310796074156;38.8;18.1
2016;3;7470;20.75;14423.400000000001;31.75024523160763;26.535480225988703;23.643991299619355;81.75680570801325;59.19012987012987;38.7;18.1
2016;4;9051;14.017241379310345;9596.800000000003;32.31887955182071;26.71384439359268;23.299216125419942;79.94499141385239;56.362898864250944;37.1;14.1
2016;5;8472;12.660714285714286;6636.799999999999;32.49897172236501;26.500580781415007;22.536671802773494;77.47931219774316;52.917488323819406;41.4;14.0
2016;6;8003;9.457627118644067;3591.6;32.18865174388338;25.887265917603006;21.47257142857142;74.12758435993578;48.358381502890175;41.1;11.7
2016;7;6401;6.818181818181818;2225.7999999999997;33.356626506024085;26.30366520787746;20.853064431639606;67.13197458973005;40.196483971044465;38.0;11.0
2016;8;5863;4.729166666666667;1787.0;34.36503719447399;27.278006500541743;21.72949602122017;64.46042576419224;38.437834941050376;40.2;12.3
2016;9;5624;8.105263157894736;3866.2;33.8448936170213;27.21864313292885;22.599201703033515;69.09677956690732;42.84769962982549;40.2;11.4
2016;10;6005;9.721311475409836;5109.599999999999;33.81468599033816;27.42850074220686;23.0934814099469;71.82892521050026;45.58317214700193;40.2;16.7
2016;11;5675;10.596774193548388;6074.799999999999;33.22602539062501;27.238934010152285;23.28168050806057;74.70314313346242;49.86319668355596;40.2;17.7
2016;12;5610;18.032258064516128;14787.800000000001;31.742578302315003;26.18632233381158;22.917105263157882;79.53469387755109;55.71409921671018;38.1;16.4
2017;1;6475;20.147540983606557;15215.0;31.026437847866404;25.518728606356962;22.414921223354956;82.63434104865385;59.28913525498891;38.3;17.9
2017;2;7050;18.83582089552239;16477.0;30.468174644923717;25.271230598669632;22.561070304302202;84.17421790722769;61.48022033049574;36.0;17.9
2017;3;10064;21.606060606060606;19677.800000000003;31.089272388059726;25.66557617187498;22.71691519105313;83.3371825586967;59.89630297565374;35.8;16.3
2017;4;8691;20.225806451612904;14028.599999999999;31.52960199004978;26.017816091954014;22.878939544103055;82.47150050352471;58.81496978149698;36.1;16.1
2017;5;9024;12.172413793103448;5514.4;32.48561113976274;26.60611687602401;22.727889060092455;77.994356888663;52.99666030534351;36.5;16.3
2017;6;8000;7.7592592592592595;3389.0000000000005;32.484157363104735;25.964390519187337;21.110207336523136;72.78858520900327;46.848743718592964;36.7;12.6
2017;7;6686;4.607142857142857;1549.6;32.6623061013444;25.518239660657493;19.708415074858035;65.4468387776607;38.91135458167331;37.6;7.5
2017;8;6177;4.639344262295082;2020.6;34.79515091538842;27.32178517397884;21.403950617283954;63.795482233502554;37.04561059342815;42.9;11.8
2017;9;6208;6.063492063492063;2611.800000000001;34.66173235563704;27.633060240963843;22.29387288523093;63.35345643939401;38.87158469945355;42.3;13.2
2017;10;6627;8.35820895522388;5688.4;34.29391921881936;27.673141263940497;23.060886917960083;68.27776249426873;42.72107081174439;42.0;16.6
2017;11;6250;13.098360655737705;9183.599999999997;32.731545275590534;26.780843310775623;23.165882352941185;76.05620620620626;50.503413746017294;38.3;18.1
2017;12;5885;18.72463768115942;14767.599999999999;31.537160385626652;25.98919891989198;22.901226456416985;80.58990783410142;56.70238611713666;38.5;17.8
2018;1;5692;22.396825396825395;13473.600000000002;31.211141181777165;25.55904279797516;22.361773975686628;81.38733583489685;56.988010657193605;36.2;15.9
2018;2;5316;20.147540983606557;17819.600000000006;30.24923239809424;25.265118790496743;22.534934036939305;83.66704855428267;61.66093117408907;36.1;16.4
2018;3;7244;21.3;13827.2;31.184277969443073;25.737293233082696;22.755517241379298;83.11482043500264;59.417931034482756;36.4;16.6
2018;4;8827;19.482142857142858;13379.600000000004;30.975763852925983;25.50744680851064;22.37568546301087;82.74921323928383;59.06010664081435;35.9;15.6
2018;5;10518;13.435483870967742;8566.8;31.71937022900767;25.78966346153846;21.92078169685415;78.5337924249878;53.35502958579882;35.6;13.4
2018;6;9966;7.767857142857143;3789.0000000000005;32.098760330578514;25.441201264488917;20.37879256965944;72.70995310057326;45.86307251908397;37.1;11.0
2018;7;7769;7.517241379310345;3413.4000000000005;32.89227005870845;25.704237288135577;20.098044009779954;68.32684958353751;40.462693357597814;37.3;11.0
2018;8;6998;7.111111111111111;2917.4;33.59719887955183;26.465175097276283;21.18098788443615;68.03798985707704;40.98100706713781;39.5;11.9
2018;9;6339;8.1;4326.800000000001;34.20208827717132;27.258217821782175;22.292453725676317;67.4702402957487;40.92273135669362;39.9;11.2
2018;10;6145;10.40625;5517.999999999999;33.942823749415595;27.400390815828022;23.16520726595249;73.01363636363642;45.61147612790188;39.6;17.9
2018;11;5472;14.828125;11528.2;32.45884072089625;26.703386351975375;23.302039825157834;77.86125061546039;53.10032664489034;38.2;17.9
2018;12;5284;19.516129032258064;15293.199999999999;30.87457128858402;25.55910951893551;22.571365422396852;81.24056084126197;57.81582666038624;36.8;17.7
2019;1;5659;22.116666666666667;15936.600000000002;31.199407992106547;25.683486238532094;22.626759167492576;81.71064154786151;57.83613445378151;36.7;17.2
2019;2;6381;19.560606060606062;15259.0;30.9819560669456;25.739476553980364;22.927861996863587;83.0856682769727;59.69721115537848;37.3;17.1
2019;3;9564;22.507462686567163;20575.199999999997;31.318202047174037;25.92543617998165;22.98609625668451;83.37772747849714;59.404897245299516;37.9;17.9
2019;4;10485;19.943661971830984;17722.400000000005;31.485668498168476;26.08269767441862;23.078564899451536;83.27187073281753;59.236154186973856;38.5;16.6
2019;5;10488;16.06153846153846;12581.8;31.844853283651585;26.195381715362874;22.657674418604657;80.63910640257954;55.83790965456156;36.6;14.7
2019;6;8659;10.327868852459016;5505.8;32.371358024691375;26.07831747621433;21.59624876604148;75.08753056234727;48.53551136363637;36.7;12.7
2019;7;6829;8.348484848484848;4220.2;32.76211649622057;25.83509330905779;20.693200000000008;70.36044874615051;43.1015592077539;37.8;12.3
2019;8;6426;6.410714285714286;2744.5999999999995;34.001584427342685;26.558414918414925;20.721894832275627;64.66632007233284;37.31684027777778;39.9;5.8
2019;9;6248;6.564516129032258;3798.6000000000004;35.101409135082626;27.800491883915377;22.436791080950062;65.74702994599905;39.24657534246575;42.0;13.9
2019;10;6756;14.206349206349206;7797.600000000003;33.287881508079;26.724050632911382;22.655869175627245;75.37773186409564;48.034330985915496;40.0;17.6
2019;11;6332;14.393939393939394;10456.6;32.7496412556054;26.665683159328164;23.000581915846016;78.5225494707778;52.50290308173292;38.9;17.9
2019;12;6216;19.015151515151516;13694.199999999997;32.19529713552801;26.46975630983462;23.113091684434977;80.13369470945366;55.623027718550105;38.3;18.8
2020;1;5944;20.805555555555557;17322.400000000005;31.477579451458432;26.065026595744705;22.99704347826089;81.91617713511084;57.95682511993022;36.8;18.1
2020;2;6290;21.046875;16143.399999999998;31.30899653979239;25.94416371905004;23.02280098280098;82.77754065040656;58.8575624082232;37.6;17.2
2020;3;7269;20.80327868852459;16964.4;31.359404005862228;25.97795315682284;23.14282926829267;82.95953699043801;59.029865125240846;38.0;18.4
2020;4;3789;20.491525423728813;14785.800000000001;31.448585858585872;25.991217257318954;22.899899396378277;83.12755156002122;58.72331815882651;36.9;14.4
2020;5;3364;14.586206896551724;7633.999999999999;31.790728831725612;26.09384277075316;22.498289684660605;80.7220715835142;56.08217054263566;36.0;11.0
2020;6;2965;8.90566037735849;3525.2;32.35349526066349;25.986908420405634;21.334042553191487;75.24632972322507;48.703259005145796;36.0;13.4
2020;7;3352;6.081632653061225;1526.8000000000002;33.33193846153846;26.036270753512134;20.25341118623234;67.74374209860932;39.6384571099597;40.5;12.1
2020;8;4044;3.8297872340425534;1166.8;34.69328903654485;26.984950071326676;20.756573705179292;61.72446735395189;34.36256218905473;40.3;8.1
2020;9;3405;5.288888888888889;1497.8;35.559164222873896;28.005432287681714;21.97693430656935;60.69598180439723;34.885268160217244;41.7;14.1
2020;10;3836;9.30952380952381;3189.999999999999;34.77914614121511;27.792614601018695;22.835106382978736;68.17061728395063;41.04974765681327;41.2;15.9
2020;11;3900;14.27027027027027;6167.400000000001;32.72584670231732;26.712265917602988;22.949107142857155;76.5490532010821;50.857894736842105;38.1;17.8
2020;12;4178;15.317073170731707;5353.399999999999;32.14800974817221;26.306917688266193;22.743276283618563;79.16931911402793;54.390503189227495;37.9;18.4
2021;1;4939;18.210526315789473;4732.799999999999;31.637459283387624;25.82793196060877;22.51337630942787;81.27058353317346;56.88511216859279;38.9;18.0
2021;2;4217;20.914285714285715;10932.599999999999;30.43025732031944;25.364966949952787;22.69324444444446;85.00867992766727;62.60061680801851;35.1;18.9
2021;3;4402;20.428571428571427;9228.4;30.908340727595398;25.41933333333333;22.382728077945096;84.26801075268816;59.652274479568234;37.1;18.4
2021;4;4127;18.9;5489.799999999999;31.538047808764915;25.934854771784238;22.790348258706477;83.27673935617858;58.12829525483304;36.3;17.1
2021;5;4500;11.428571428571429;2754.4000000000005;32.21199999999998;26.026601520086853;21.744584647739227;77.99869706840387;51.42527754056362;36.7;13.0
2021;6;4599;6.346153846153846;752.2000000000002;32.61000000000001;25.8031969309463;20.65042016806722;72.97735849056603;46.016949152542374;36.3;7.4
2021;7;4701;6.0;776.0;33.30893782383421;25.802462380300945;19.530440414507773;64.45418918918915;38.990128331688055;44.3;10.0
2021;8;4965;4.6;904.4000000000001;34.750495049504956;27.090841949778433;20.52269503546099;57.42887029288702;33.67453798767967;39.6;13.0
2021;9;4667;8.074074074074074;1333.1999999999996;34.955684754521954;27.673821989528808;22.290874035989713;64.60753968253967;39.44015825914936;41.4;16.0
2021;10;5146;14.826086956521738;3328.3999999999996;33.56002400960385;27.106203473945417;22.866786570743397;73.77213930348258;47.40155945419103;38.5;18.8
2021;11;5284;17.96153846153846;4504.999999999999;31.520895522388063;25.90798969072164;22.753731343283587;81.90225281602007;57.177842565597665;36.4;18.6
2021;12;7402;18.53125;7129.400000000001;30.793830034924348;25.811042944785274;23.177209302325583;84.81872871736661;63.28281938325991;36.9;19.3
2022;1;9507;19.96551724137931;7032.800000000001;30.894387170675817;25.39534050179212;22.412671232876708;83.42026002166844;60.073581560283685;37.7;18.3
2022;2;4630;19.48148148148148;5405.2;31.22002442002442;25.58633461047254;22.501339829476244;83.5763250883392;60.37643678160919;37.1;18.1
2022;3;7650;21.5;7605.0;30.913267543859643;25.3886046511628;22.50229508196722;85.02505263157892;62.10280373831776;35.9;18.0
2022;4;9429;15.615384615384615;5606.199999999999;31.812720848056536;26.076979742173123;22.675730735163864;83.07231182795697;58.515197568389056;37.9;15.2
2022;5;11132;12.243243243243244;5231.000000000001;31.868315972222224;25.700820419325446;21.615989628349176;78.39428571428572;52.225686711210095;37.6;11.2
2022;6;9495;10.622222222222222;4101.400000000001;31.940390625000003;25.60367892976588;21.133854573885845;77.3824782951855;49.86600142551675;36.5;11.4
2022;7;7502;7.666666666666667;2205.6000000000004;33.11913541004453;26.298634812286686;21.021183206106876;70.62397126061394;42.69430693069307;37.7;10.2
2022;8;6312;7.1020408163265305;2126.0;33.9136162127929;26.758609271523188;21.182512626262618;66.55214285714287;38.92803970223325;38.6;10.0
2022;9;6798;6.918367346938775;2202.2;34.907504937458846;27.71223367697594;22.192772667542712;66.2541611624835;38.31957473420888;40.6;10.6
2022;10;6647;10.872340425531915;5215.4000000000015;33.885714285714286;27.359887005649732;22.968836291913227;72.77570469798661;45.51745254133497;39.5;16.6
2022;11;6152;13.088888888888889;6449.4000000000015;31.918710134656273;26.186821705426347;22.570127118644066;79.5548948513416;54.33246414602347;37.5;13.0
2022;12;5639;20.22222222222222;10106.6;31.193315327481443;25.763460104399698;22.60479082321187;82.97141896435781;58.96266829865361;36.1;18.7
2023;1;5441;20.75;10033.6;30.60036832412522;25.194241982507293;22.172000000000008;84.37005312084996;60.54807692307692;35.2;17.4
2023;2;6164;19.693877551020407;8498.0;31.0702113156101;25.49737051792829;22.448548026805664;84.68688046647229;60.391275611368144;39.9;17.3
2023;3;9298;20.423076923076923;13024.799999999997;30.89746376811594;25.590174216027872;22.618685567010317;84.64544883866925;61.11574618096357;36.4;17.0
2023;4;11001;17.612244897959183;9334.0;31.603318722604904;26.05077030812326;22.80249158249158;83.53142857142862;58.65211891208096;37.4;17.2
2023;5;12621;13.907407407407407;7162.600000000001;32.121724524076164;26.428733459357282;22.78156626506024;81.30123992560453;56.01435956346927;36.1;14.5
2023;6;11410;8.555555555555555;3303.7999999999997;32.49365671641793;26.068916518650084;21.345315161839842;75.22831499710486;48.63818280151433;37.2;8.0
2023;7;9332;6.2727272727272725;2494.8;33.742455775234156;26.451915602443083;20.677819347942282;69.0975027144408;40.34032511798637;38.6;10.2
2023;8;8380;5.107142857142857;1889.1999999999996;34.983051742344216;27.683854462762923;22.041566920565838;67.0716492002207;38.9083109919571;40.8;12.4
2023;9;7305;5.859649122807017;2701.0;35.893022007514745;28.554244186046525;23.00384187082405;66.33971671388102;37.52041371801851;41.0;15.3
2023;10;7039;7.983050847457627;3139.9999999999995;35.62950310559008;28.71377551020409;23.735695538057737;69.2061267980821;41.12532637075718;40.6;17.6
2023;11;6276;9.67741935483871;4285.400000000001;34.53133047210298;28.06548881036512;23.682764140875133;73.59533116178069;46.384820951362904;40.6;17.5
2023;12;5846;15.363636363636363;7817.400000000001;33.23260126891165;27.207606382978735;23.51474609374999;78.80661764705887;53.17627281460135;39.1;17.9
2024;1;5428;20.693548387096776;13879.599999999999;32.01184971098266;26.566473072861676;23.479749879749885;83.13984181908067;59.13921001926782;38.3;18.8
2024;2;5485;17.868852459016395;12712.600000000006;31.937664387164663;26.58977142857144;23.441552990556133;82.71205555555558;59.22678185745141;39.6;18.2
2024;3;8875;20.41269841269841;16161.199999999997;32.22520884520886;26.79055640632974;23.73420147420148;83.65603133159271;59.999499749874936;38.6;17.0
2024;4;11177;20.246153846153845;15488.999999999996;32.096742349457045;26.7258805513017;23.768322675848484;84.3550716941052;60.36796315250768;37.7;18.1
2024;5;11595;14.238095238095237;8976.4;32.554212091179394;26.618841309823694;22.669837358304587;79.62124661246617;54.6262677484787;37.0;11.8
2024;6;9736;8.114754098360656;3807.5999999999995;33.28958549222798;26.51030110935024;21.48347022587268;73.14610130904958;46.29805615550756;37.8;12.9
2024;7;7586;4.894736842105263;1972.2000000000005;33.615501839201265;26.246562835660562;20.371115745568293;66.33963759909405;39.30470016207455;39.0;10.8
2024;8;6669;4.160714285714286;1423.8000000000002;34.92650214592275;27.22673213311513;21.036518953550466;62.598551532033404;35.92528424472117;42.6;10.7
2024;9;6583;3.3125;1363.3999999999999;36.3601108033241;28.68397694524494;22.490392048591932;59.01502021952632;34.19487750556793;41.8;13.1
2024;10;6184;8.185185185185185;4112.200000000001;35.141057797164684;28.329265471370736;23.518685497012505;68.725590778098;42.58087431693989;42.2;17.9
2024;11;5058;10.982758620689655;4752.599999999999;33.516787912702846;27.4648271679806;23.54485825458588;75.42104046242787;50.04517568321249;38.6;18.8
2024;12;3425;18.054545454545455;9616.4;32.30146182999459;26.659504132231415;23.4051295896328;80.42836676217772;56.58319870759289;43.2;18.0
